Distance,Time,Speed
8,9,0.8888888888888888
8,8,1.0
7,9,0.7777777777777778
6,5,1.2
4,3,1.3333333333333333
2,7,0.2857142857142857
6,8,0.75
7,6,1.1666666666666667
5,4,1.25
3,7,0.42857142857142855
