Distance,Time,Speed
10,2,5.0
20,5,4.0
30,7,4.285714285714286
40,10,4.0
50,10,5.0
70,12,5.833333333333333
100,18,5.555555555555555
150,22,6.818181818181818
200,30,6.666666666666667
250,35,7.142857142857143
